{"stats":{"minecraft:custom":{"minecraft:jump":208,"minecraft:time_since_rest":16139383,"minecraft:crouch_one_cm":4562,"minecraft:leave_game":4,"minecraft:sprint_one_cm":11949,"minecraft:play_time":16139383,"minecraft:time_since_death":16139383,"minecraft:walk_one_cm":8683,"minecraft:sneak_time":347403,"minecraft:total_world_time":93685789,"minecraft:fly_one_cm":6043768},"minecraft:used":{"minecraft:redstone_torch":2,"minecraft:light_gray_stained_glass":2,"minecraft:red_wool":9}},"DataVersion":3700}