{"stats":{"minecraft:custom":{"minecraft:jump":209,"minecraft:time_since_rest":16547077,"minecraft:crouch_one_cm":4574,"minecraft:leave_game":5,"minecraft:sprint_one_cm":11949,"minecraft:play_time":16547077,"minecraft:time_since_death":16547077,"minecraft:walk_one_cm":8937,"minecraft:sneak_time":368739,"minecraft:total_world_time":94657150,"minecraft:fly_one_cm":6325094},"minecraft:used":{"minecraft:redstone_torch":2,"minecraft:light_gray_stained_glass":2,"minecraft:red_wool":12}},"DataVersion":3700}