{"stats":{"minecraft:picked_up":{"minecraft:torch":2,"minecraft:redstone":87,"minecraft:redstone_torch":16},"minecraft:custom":{"minecraft:time_since_rest":832466,"minecraft:sprint_one_cm":150951,"minecraft:walk_one_cm":88537,"minecraft:mob_kills":1,"minecraft:fly_one_cm":10266579,"minecraft:crouch_one_cm":444,"minecraft:play_time":1158005,"minecraft:deaths":1,"minecraft:sneak_time":55949,"minecraft:interact_with_lectern":1,"minecraft:jump":1924,"minecraft:leave_game":26,"minecraft:time_since_death":832426,"minecraft:total_world_time":1191197},"minecraft:killed":{"minecraft:ender_dragon":1},"minecraft:used":{"minecraft:redstone_torch":131,"minecraft:purple_stained_glass":1,"minecraft:netherite_sword":22,"minecraft:ender_eye":12,"minecraft:writable_book":1,"minecraft:black_concrete":89,"minecraft:light_gray_stained_glass":113,"minecraft:command_block":7,"minecraft:tadpole_spawn_egg":1,"minecraft:red_wool":157,"minecraft:iron_block":61,"minecraft:witch_spawn_egg":1,"minecraft:red_stained_glass":149,"minecraft:redstone":650,"minecraft:dark_oak_sign":7,"minecraft:stone_button":5,"minecraft:silverfish_spawn_egg":4,"minecraft:lectern":1,"minecraft:donkey_spawn_egg":1,"minecraft:fox_spawn_egg":1,"minecraft:glow_ink_sac":5,"minecraft:vex_spawn_egg":1,"minecraft:vindicator_spawn_egg":1,"minecraft:yellow_wool":6,"minecraft:slime_spawn_egg":1,"minecraft:snow_golem_spawn_egg":1,"minecraft:light_gray_wool":629,"minecraft:smooth_red_sandstone_slab":30,"minecraft:dolphin_spawn_egg":1,"minecraft:repeater":193,"minecraft:target":13,"minecraft:black_stained_glass":38,"minecraft:magenta_wool":16,"minecraft:written_book":1,"minecraft:light_blue_wool":9,"minecraft:phantom_spawn_egg":1,"minecraft:smooth_red_sandstone":72,"minecraft:orange_wool":3,"minecraft:end_portal_frame":12,"minecraft:mule_spawn_egg":1,"minecraft:ochre_froglight":251,"minecraft:white_concrete":112,"minecraft:husk_spawn_egg":1,"minecraft:smooth_red_sandstone_stairs":29,"minecraft:light_blue_stained_glass":24,"minecraft:pillager_spawn_egg":1}},"DataVersion":3700}